"ID","Text","Language","Type","Author Name","Author Username","View Count","Reply Count","Retweet Count","Quote Count","Favorite Count","Bookmark Count","Created At","Tweet URL","Source","hashtags","urls","media_type","media_urls"
"1922943692773450087","Kdo žije v kultu? Ti, co věří v decentralizované peníze bez státní kontroly, nebo ti, co stále důvěřují fiat měnám a politikům? Článek od iWarpa otevírá zajímavou debatu. Za nás jasná volba pro svobodu. #Ankap #BTC","cs","Tweet","Ankapirátská Strana","ankapirati","189","0","0","0","2","0","2025-05-15 11:14:37","https://x.com/ankapirati/status/1922943692773450087","<a href=""https://mobile.twitter.com"" rel=""nofollow"">Twitter Web App</a>","#Ankap, #BTC","","",""
"1922930755874803833","Zkusil jsem píchnout do vosího hnízda. Jak se mi to povedlo? 😅https://t.co/43f5CTBXVI","cs","Quoted","iWarp ⚡️","iwarpbtc","9612","27","11","9","136","10","2025-05-15 10:23:13","https://x.com/iwarpbtc/status/1922930755874803833","<a href=""https://mobile.twitter.com"" rel=""nofollow"">Twitter Web App</a>","","https://medium.seznam.cz/clanek/ivan-warp-bitcoineri-vs-kritici-kdo-zije-v-kultu-148317","",""
"1879442857217696079","🏦 Na západě je BTC primárně odpovědí na:

1. Inflaci
2. Monetární experimenty
3. Riziko konfiskace
4. Potřebu neutrální rezervní měny

Proto zde dominuje ""HODL"" mentalita. A to je v pořádku! 💎 (4/8)","cs","Origin","Ankapirátská Strana","ankapirati","1258","1","0","0","29","0","2025-01-15 09:17:50","https://x.com/ankapirati/status/1879442857217696079","<a href=""https://mobile.twitter.com"" rel=""nofollow"">Twitter Web App</a>","","","",""
"1879442865878892986","💡 BTW: I na západě roste platební use case (Strike, CashApp), ale ORGANICKY, ne z nutnosti.

Zatímco v Argentině je BTC payment nutnost, v USA je to ""nice to have"". Rozdíl! 🔄 (7/8)","cs","Reply","Ankapirátská Strana","ankapirati","1075","1","0","0","19","0","2025-01-15 09:17:52","https://x.com/ankapirati/status/1879442865878892986","<a href=""https://mobile.twitter.com"" rel=""nofollow"">Twitter Web App</a>","","","",""
"1879442869347586237","🎬 Závěr: Bitcoin není ""jedno řešení pro všechny"". Je to první skutečně globální měna, která se adaptuje podle lokálních potřeb.

Jardova kritika odhaluje klasický západní bias. Don't fall for it!

RT &amp; follow pro další analýzy! 🙏 (8/8)","cs","Reply","Ankapirátská Strana","ankapirati","1008","1","1","0","43","1","2025-01-15 09:17:53","https://x.com/ankapirati/status/1879442869347586237","<a href=""https://mobile.twitter.com"" rel=""nofollow"">Twitter Web App</a>","","","",""
"1879442848384536960","🚨 NOVÉ VLÁKNO! Proč @jardabrichta na @BitcoinovejKnl  nepochopil základní use case Bitcoinu? 🧵
Jarda byl jeden z prvních BTC evangelistů v ČR. Jeho dnešní kritika ale odhaluje zásadní nepochopení dvojí role Bitcoinu. Pojďme na to! 🎯 (1/8)","cs","Origin","Ankapirátská Strana","ankapirati","10551","9","6","0","89","27","2025-01-15 09:17:48","https://x.com/ankapirati/status/1879442848384536960","<a href=""https://mobile.twitter.com"" rel=""nofollow"">Twitter Web App</a>","","","",""
"1879442854243967315","💸 ""Nikdo bitcoinem neplatí"" říká Jarda. Ale kde? V Česku nepotřebujeme BTC k placení - máme fungující SWIFT, karty, banky.

V zemích jako Salvador, Argentina nebo Nigérie? Tam BTC SKUTEČNĚ řeší broken payment systém! ⚡️ (3/8)","cs","Reply","Ankapirátská Strana","ankapirati","1154","2","0","0","24","0","2025-01-15 09:17:49","https://x.com/ankapirati/status/1879442854243967315","<a href=""https://mobile.twitter.com"" rel=""nofollow"">Twitter Web App</a>","","","",""
"1879442851366613418","🌍 Bitcoin má dva hlavní use cases podle regionu:
1. Západ: Uchovatel hodnoty (store of value) 
2. Rozvojový svět: Platební systém

To je klíč k pochopení adopce! (2/8)","cs","Origin","Ankapirátská Strana","ankapirati","1137","2","0","0","25","0","2025-01-15 09:17:48","https://x.com/ankapirati/status/1879442851366613418","<a href=""https://mobile.twitter.com"" rel=""nofollow"">Twitter Web App</a>","","","",""
"1874111289473016182","🚨 BITCOIN MINI MINER GIVEAWAY🚨

To enter:
1️⃣ Follow us 👉@BraiinsMining
2️⃣ Repost this tweet
3️⃣ Reply below with ""BRAIINS""

Giveaway closes at 23:59 ET on Friday 3 January. Winner announced next week.

GL and happy new year 🎉","en","Retweet","Braiins","BraiinsMining","334005","3860","3540","140","3006","216","2024-12-31 16:12:05","https://x.com/BraiinsMining/status/1874111289473016182","<a href=""http://twitter.com/download/iphone"" rel=""nofollow"">Twitter for iPhone</a>","","","photo","https://pbs.twimg.com/media/GgIuSEMWcAEbwjQ.jpg"
"1848347252869197884","1/3 Revoluce v myšlení o státu je tady! Daniel Steigerwald @steidacz  přichází s knihou ""Dekonstrukce státu"", která nabízí svěží pohled na fungování státu a možnosti jeho transformace. Jako #AnkapiratskaStrana tento projekt plně podporujeme! 🏴‍☠️📚","cs","Origin","Ankapirátská Strana","ankapirati","1785","1","4","0","16","0","2024-10-21 14:55:00","https://x.com/ankapirati/status/1848347252869197884","<a href=""https://mobile.twitter.com"" rel=""nofollow"">Twitter Web App</a>","#AnkapiratskaStrana","","",""
"1848347254693724558","2/3 Kniha se zaměřuje na analýzu složitosti státu a navrhuje inovativní řešení pro větší zapojení občanů. Steigerwaldova vize ""akcionářského státu"" je v souladu s našimi principy decentralizace moci a posílení individuálních svobod. 🗽🏛️","cs","Reply","Ankapirátská Strana","ankapirati","209","1","0","0","5","0","2024-10-21 14:55:00","https://x.com/ankapirati/status/1848347254693724558","<a href=""https://mobile.twitter.com"" rel=""nofollow"">Twitter Web App</a>","","","",""
"1848347256446923172","3/3 Podpořte prosím vznik této jistě skvělé knihy a získejte ji mezi prvními! Více informací a možnost podpory najdete zde: https://t.co/OeT5dKN4Rc","cs","Reply","Ankapirátská Strana","ankapirati","225","1","0","0","8","1","2024-10-21 14:55:01","https://x.com/ankapirati/status/1848347256446923172","<a href=""https://mobile.twitter.com"" rel=""nofollow"">Twitter Web App</a>","","https://www.startovac.cz/projekty/kniha-dekonstrukce-statu","",""
"1800453283922035068","Ano!","qst","Tweet","Ankapirátská Strana","ankapirati","533","1","1","0","12","0","2024-06-11 11:01:28","https://x.com/ankapirati/status/1800453283922035068","<a href=""https://mobile.twitter.com"" rel=""nofollow"">Twitter Web App</a>","","","",""
"1800448558702657834","Uvažuji o tom, rozjet podcast a udělat sbírku na knihu ""Dekonstrukce státu"". V knize bych popsal různé způsoby, kterými lze ""stát"" vrátit lidem zpět tak, že se občané stanou skutečnými majiteli.

O škodlivosti státu mluví více lidí a nejlépe Urza, nikdo však neřeší konkrétní technikálie. Do podcastu bych chtěl zvát lidi, kteří k tématu mají co říct. Profesora Šímu, prezidenta NKU, šéfa NSS, a samozřejmě známé mozky z české ankap a bitcoin scény.

Podpořili byste takovou iniciativu?","cs","Quoted","Daniel Steigerwald","steidacz","20648","60","10","1","334","17","2024-06-11 10:42:41","https://x.com/steidacz/status/1800448558702657834","<a href=""https://mobile.twitter.com"" rel=""nofollow"">Twitter Web App</a>","","","",""
"1798235111538016611","2/5 Psychedelika jako MDMA mají prokazatelný terapeutický potenciál. Mnoho lidí trpících PTSD by mohlo najít úlevu díky těmto látkám. Namísto toho, aby se lidem umožnilo svobodně rozhodovat o svém zdraví, státní regulace brání pokroku. #Léčba #VolnýTrh","cs","Origin","Ankapirátská Strana","ankapirati","198","1","0","0","0","0","2024-06-05 08:07:14","https://x.com/ankapirati/status/1798235111538016611","<a href=""https://mobile.twitter.com"" rel=""nofollow"">Twitter Web App</a>","#Léčba, #VolnýTrh","","",""
"1798235116977942600","5/5 Připojte se k nám v boji za svobodný trh a osobní svobody. Společně můžeme změnit systém a umožnit lidem svobodně rozhodovat o svém vlastním těle a zdraví. #Ankapiráti #Svoboda #VolnýTrh","cs","Reply","Ankapirátská Strana","ankapirati","147","1","0","0","0","0","2024-06-05 08:07:16","https://x.com/ankapirati/status/1798235116977942600","<a href=""https://mobile.twitter.com"" rel=""nofollow"">Twitter Web App</a>","#Ankapiráti, #Svoboda, #VolnýTrh","","",""
"1798235118831808850","Kontext: https://t.co/T1HKBdIaZd","sv","Reply","Ankapirátská Strana","ankapirati","117","0","0","0","0","0","2024-06-05 08:07:16","https://x.com/ankapirati/status/1798235118831808850","<a href=""https://mobile.twitter.com"" rel=""nofollow"">Twitter Web App</a>","","https://www.idnes.cz/zpravy/zahranicni/usa-leciva-psychedelika-kontrola-nedoporuceni.A240605_064443_zahranicni_lisv","",""
"1798235109625352304","1/5 🧵 Jako Ankapiráti považujeme rozhodnutí poradního panelu FDA nedoporučit léčbu PTSD pomocí MDMA za další zbytečné omezení individuálních svobod a volného trhu. Stát by neměl diktovat, jaké látky můžeme nebo nemůžeme užívat. #Ankapiráti #Svoboda","cs","Origin","Ankapirátská Strana","ankapirati","167","1","0","0","2","0","2024-06-05 08:07:14","https://x.com/ankapirati/status/1798235109625352304","<a href=""https://mobile.twitter.com"" rel=""nofollow"">Twitter Web App</a>","#Ankapiráti, #Svoboda","","",""
"1773383965849628678","🎉 Wow, to byl neskutečný koncert! 🎸🔥 Jsme plní energie a skvělých zážitků. Díky všem, co dorazili a vytvořili tak úžasnou atmosféru! 🙌 Pokud jste to nestihli, nezoufejte - odkaz na záznam najdete v komentáři. 😉","cs","Origin","Ankapirátská Strana","ankapirati","337","1","0","0","2","2","2024-03-28 17:17:39","https://x.com/ankapirati/status/1773383965849628678","<a href=""https://mobile.twitter.com"" rel=""nofollow"">Twitter Web App</a>","","","",""
"1773384011454316716","https://t.co/7GHPb9tznj","zxx","Reply","Ankapirátská Strana","ankapirati","182","0","1","0","2","0","2024-03-28 17:17:50","https://x.com/ankapirati/status/1773384011454316716","<a href=""https://mobile.twitter.com"" rel=""nofollow"">Twitter Web App</a>","","https://app.suno.ai/song/8ab47c6d-328b-4d61-81f4-878cc4a550f5/","",""
"1729156747699605569","@senkadam @matej_hlavaty Důstojná mzda je subjektivní. 

Spravedlivá je tržní. Pokud chcete víc, zdražíte. Když to bude zákazníkům stát za to, zvýšenou cenu zaplatí. A nebo také ne. 

Důstojné je hlavně mít svobodu a zodpovědnost se sám uživit, ne žebrat drobky (tabulkové platy) z panského stolu.","cs","Retweet","Brbla 🇺🇦🇮🇱","Brbla","539","0","3","0","26","1","2023-11-27 16:14:29","https://x.com/Brbla/status/1729156747699605569","<a href=""http://twitter.com/download/iphone"" rel=""nofollow"">Twitter for iPhone</a>","","","",""
"1669075109686984705","ancap náramek na zakázku, kdyby i jiný ancapák nebo fanoušek litvínova náramek chtěl (čímž by zároveň podpořil mého postiženého bratra), nechť mi napíše! 💛🖤 https://t.co/a1s07KJGLs","cs","Retweet","láskyplná terezka ✨","nejlaskyplnejsi","4635","5","4","1","38","0","2023-06-14 22:11:30","https://x.com/nejlaskyplnejsi/status/1669075109686984705","<a href=""http://twitter.com/download/iphone"" rel=""nofollow"">Twitter for iPhone</a>","","","photo","https://pbs.twimg.com/media/Fym-9qUX0AEjq2c.jpg"
"1664580480572989442","1/10 Dnes se podíváme na jeden z klíčových konceptů, pro nás, Ankapiráty - Teorii subjektivní hodnoty. Je to základní kámen našeho porozumění ekonomice a trhu. Ponořme se do toho! 💎 #TeorieSubjektivníHodnoty","cs","Origin","Ankapirátská Strana","ankapirati","1159","1","4","0","9","1","2023-06-02 12:31:27","https://x.com/ankapirati/status/1664580480572989442","<a href=""https://typefully.com/"" rel=""nofollow"">Typefully</a>","#TeorieSubjektivníHodnoty","","",""
"1664580503826202625","9/10 Proto je pro účinnou a spravedlivou alokaci zdrojů tak důležitý svobodný trh, který umožňuje cenám odrážet skutečnou hodnotu zboží a služeb v očích spotřebitelů. 💪 #SvobodnýTrh","cs","Reply","Ankapirátská Strana","ankapirati","335","1","0","0","4","0","2023-06-02 12:31:33","https://x.com/ankapirati/status/1664580503826202625","<a href=""https://typefully.com/"" rel=""nofollow"">Typefully</a>","#SvobodnýTrh","","",""
"1664580506875473920","10/10 Závěrem: Teorie subjektivní hodnoty nám umožňuje pochopit, jak trh funguje a proč svobodný trh vede k lepším výsledkům pro všechny. Děkujeme, že jste dočetli až sem! 🙏 #Závěr","cs","Reply","Ankapirátská Strana","ankapirati","336","0","0","0","3","0","2023-06-02 12:31:33","https://x.com/ankapirati/status/1664580506875473920","<a href=""https://typefully.com/"" rel=""nofollow"">Typefully</a>","#Závěr","","",""
"1664142230985277441","1/7 V době, kdy se mnozí zaměřují na nerůstové modely ekonomiky, představujeme alternativní vizi: Růstové hnutí založené na zásadách rakouské ekonomické školy. 💥 #RůstovéHnutí #AnarchoKapitalismus","cs","Origin","Ankapirátská Strana","ankapirati","1448","2","4","0","27","1","2023-06-01 07:30:00","https://x.com/ankapirati/status/1664142230985277441","<a href=""https://typefully.com/"" rel=""nofollow"">Typefully</a>","#RůstovéHnutí, #AnarchoKapitalismus","","",""
"1664142244339908610","6/7 Růstové hnutí není o chamtivosti nebo bezohlednosti. Je o svobodě, o právu rozhodovat se o vlastním životě a o vlastním majetku. Je o víře v lidskou kreativitu a inovace. 🌈 #SvobodaRůstu","cs","Reply","Ankapirátská Strana","ankapirati","274","1","0","0","3","0","2023-06-01 07:30:03","https://x.com/ankapirati/status/1664142244339908610","<a href=""https://typefully.com/"" rel=""nofollow"">Typefully</a>","#SvobodaRůstu","","",""
"1664142247011696640","7/7 Růstové hnutí je pro ty, kdo věří v svobodu, inovace a růst jako cestu k prosperitě a svobodě. Přidejte se k nám na této cestě. 🙌 #RůstovéHnutí","cs","Reply","Ankapirátská Strana","ankapirati","236","0","0","0","5","0","2023-06-01 07:30:04","https://x.com/ankapirati/status/1664142247011696640","<a href=""https://typefully.com/"" rel=""nofollow"">Typefully</a>","#RůstovéHnutí","","",""
"1664142230985277441","1/7 V době, kdy se mnozí zaměřují na nerůstové modely ekonomiky, představujeme alternativní vizi: Růstové hnutí založené na zásadách rakouské ekonomické školy. 💥 #RůstovéHnutí #AnarchoKapitalismus","cs","Tweet","Ankapirátská Strana","ankapirati","1448","2","4","0","27","1","2023-06-01 07:30:00","https://x.com/ankapirati/status/1664142230985277441","<a href=""https://typefully.com/"" rel=""nofollow"">Typefully</a>","#RůstovéHnutí, #AnarchoKapitalismus","","",""
"1661994214270328832","1/2 Ctěná členko strany @malajankaa, Star Trek je příkladem post-scarcity ekonomiky, tedy společnosti s neomezenými zdroji. Takový svět je krásná utopie, ale nereflektuje realitu limitovaných zdrojů, s níž se potýkáme. 🚀#StarTrek https://t.co/s5xPrp8ELw","cs","Origin","Ankapirátská Strana","ankapirati","3340","4","2","2","30","1","2023-05-26 09:14:33","https://x.com/ankapirati/status/1661994214270328832","<a href=""https://mobile.twitter.com"" rel=""nofollow"">Twitter Web App</a>","#StarTrek","https://www.dvtv.cz/videos/michailidu-predstavovala-bych-si-zrizeni-jako-ve-star-treku-totalita-mi-vadi-k-mladym-komunistum-nechci","",""
"1661994216384241664","2/2 V roce 1948 se naše země také ""demokraticky rozhodla"" pro společný majetek a výsledek? Dékada omezení svobody, perzekuce a ekonomická stagnace. Cesta k maximalizaci spokojenosti všech leží v individuální svobodě a volném trhu, ne v kolektivním vlastnictví. 🇨🇿📉 #HistoryLesson","cs","Reply","Ankapirátská Strana","ankapirati","401","0","0","0","24","0","2023-05-26 09:14:34","https://x.com/ankapirati/status/1661994216384241664","<a href=""https://mobile.twitter.com"" rel=""nofollow"">Twitter Web App</a>","#HistoryLesson","","",""
"1660880740186472448","1/4 📌 Vylepšujeme pirátské návrhy, díl 1. 🏴‍☠️💡 V dnešním vláknu si vezmeme na mušku legalizaci marihuany a pirátský návrh na vytvoření registru uživatelů. #LegalizaceMarihuany #PirátskéNávrhy","cs","Origin","Ankapirátská Strana","ankapirati","662","1","2","0","7","0","2023-05-23 07:30:00","https://x.com/ankapirati/status/1660880740186472448","<a href=""https://typefully.com/"" rel=""nofollow"">Typefully</a>","#LegalizaceMarihuany, #PirátskéNávrhy","","",""
"1660880745626497024","3/4 Výhodou legalizace je eliminace černého trhu, s registrem však tato výhoda pravděpodobně odpadne. Pokud se lidé budou obávat registrace, která může být v budoucnu kdykoliv zneužita, mohou se stále obracet na nelegální zdroje. #ČernýTrh","cs","Reply","Ankapirátská Strana","ankapirati","221","1","0","0","8","0","2023-05-23 07:30:02","https://x.com/ankapirati/status/1660880745626497024","<a href=""https://typefully.com/"" rel=""nofollow"">Typefully</a>","#ČernýTrh","","",""
"1660880748558307328","4/4 🕊️🔐 Jaké tedy navrhujeme řešení? Rozhodně legalizaci bez registru a regulace maximálně na současné úrovni alkoholu a tabáku. Respekt k individuálním svobodám a soukromí je základní. #svoboda #soukromí","cs","Reply","Ankapirátská Strana","ankapirati","213","1","0","0","5","0","2023-05-23 07:30:02","https://x.com/ankapirati/status/1660880748558307328","<a href=""https://typefully.com/"" rel=""nofollow"">Typefully</a>","#svoboda, #soukromí","","",""
"1660299409006161920","Základní pravidlo bobtnání: Čím více nafouknete balón, tím blíže je k prasknutí. Státy jsou jako balóny, bobtnají a bobtnají, ale kdo je připraven na ten 'BUM!'? #MenšíStát💥🎈🗽","cs","Tweet","Ankapirátská Strana","ankapirati","341","0","1","0","6","0","2023-05-21 17:00:00","https://x.com/ankapirati/status/1660299409006161920","<a href=""https://typefully.com/"" rel=""nofollow"">Typefully</a>","#MenšíStát","","",""
"1660267078769836032","Státy rostou jako těsto na pizzu, jenže místo lahodné margarity nám servírují daně a poplatky. Čím více kynou, tím více nás stojí. Ale vzpomeňte si, svět nebyl postaven na daňových účtenkách, ale na inovacích, svobodě a lidském duchu! 🍕💸✊ #MéněStátuVícePizzy","cs","Tweet","Ankapirátská Strana","ankapirati","578","0","1","0","5","1","2023-05-21 14:51:32","https://x.com/ankapirati/status/1660267078769836032","<a href=""https://typefully.com/"" rel=""nofollow"">Typefully</a>","#MéněStátuVícePizzy","","",""
"1660159738259312646","Představte si, že jste na dietě a vaše strategie je kupování větších kalhot. 🤔 To je logika bobtnajících států. Přidávání dalších a dalších vrstev byrokracie není řešení, je to součást problému. 🏛️⏫ #MenšíJeLepší #VolnýTrh","cs","Tweet","Ankapirátská Strana","ankapirati","259","0","0","0","5","0","2023-05-21 07:45:00","https://x.com/ankapirati/status/1660159738259312646","<a href=""https://typefully.com/"" rel=""nofollow"">Typefully</a>","#MenšíJeLepší, #VolnýTrh","","",""
"1659793576455274496","1/6 🧵📱 Dnes se podíváme na aktuální téma týkající se plánované změny koncesionářských poplatků. Vláda chystá úpravu, která by měla rozšířit okruh poplatníků na všechny, kteří vlastní chytrý mobil nebo tablet. Dosud byly poplatky spojeny s držením rozhlasových a TV přijímačů.","cs","Origin","Ankapirátská Strana","ankapirati","1858","2","5","0","20","0","2023-05-20 07:30:00","https://x.com/ankapirati/status/1659793576455274496","<a href=""https://typefully.com/"" rel=""nofollow"">Typefully</a>","","","",""
"1659793586802819077","5/6 📈 Příznivci navýšení koncesionářských poplatků argumentují nutností udržet kvalitu služeb, což podle nich vyžaduje vyšší poplatky. Soukromý sektor nám však ukazuje, jak kvalitní multimediální obsah lze úspěšně a udržitelně financovat prostřednictvím dobrovolných předplatných","cs","Reply","Ankapirátská Strana","ankapirati","245","1","0","0","10","0","2023-05-20 07:30:03","https://x.com/ankapirati/status/1659793586802819077","<a href=""https://typefully.com/"" rel=""nofollow"">Typefully</a>","","","",""
"1659793589424250881","6/6 💡🔄 Závěrem, @ankapirati si myslí, že vláda by měla raději hledat nové způsoby financování, které by mohly využít dobrovolné příspěvky, reklamu nebo jiné tržní mechanismy, místo dalšího nesmyslného zatěžování občanů.","cs","Reply","Ankapirátská Strana","ankapirati","223","0","0","0","10","0","2023-05-20 07:30:03","https://x.com/ankapirati/status/1659793589424250881","<a href=""https://typefully.com/"" rel=""nofollow"">Typefully</a>","","","",""
"1659072575035817984","1/15 📚 V dnešním vláknu se podíváme na ""Problém černého pasažéra"", což je ekonomický termín popisující situaci, kdy jedinec těží z veřejného statku bez přispívání na jeho náklady. Je to problém, který se vyskytuje v mnoha oblastech veřejného života. #ČernýPasažér","cs","Origin","Ankapirátská Strana","ankapirati","762","1","2","0","7","0","2023-05-18 07:45:00","https://x.com/ankapirati/status/1659072575035817984","<a href=""https://typefully.com/"" rel=""nofollow"">Typefully</a>","#ČernýPasažér","","",""
"1659072609009668100","14/15 🛡️ Případně by si tyto soukromé subjekty (např. bezpečnostní agentury) ve smlouvě podmínily svoje služby tím, že se člověk bude podílet na financování veřejného osvětlení v rámci svého bydliště.","cs","Reply","Ankapirátská Strana","ankapirati","140","1","0","0","1","0","2023-05-18 07:45:08","https://x.com/ankapirati/status/1659072609009668100","<a href=""https://typefully.com/"" rel=""nofollow"">Typefully</a>","","","",""
"1659072611584974848","15/15 🎯 Ve světě bez centrální regulace by řešení ""černého pasažéra"" bylo mnohem transparentnější a spravedlivější. Každý by platil dobrovolně pouze za to, co skutečně využívá a vidí v tom hodnotu. Díky za pozornost a že jste dočetli až sem! #Transparentnost #Spravedlnost","cs","Reply","Ankapirátská Strana","ankapirati","171","0","0","0","5","0","2023-05-18 07:45:09","https://x.com/ankapirati/status/1659072611584974848","<a href=""https://typefully.com/"" rel=""nofollow"">Typefully</a>","#Transparentnost, #Spravedlnost","","",""
"1659072575035817984","1/15 📚 V dnešním vláknu se podíváme na ""Problém černého pasažéra"", což je ekonomický termín popisující situaci, kdy jedinec těží z veřejného statku bez přispívání na jeho náklady. Je to problém, který se vyskytuje v mnoha oblastech veřejného života. #ČernýPasažér","cs","Origin","Ankapirátská Strana","ankapirati","762","1","2","0","7","0","2023-05-18 07:45:00","https://x.com/ankapirati/status/1659072575035817984","<a href=""https://typefully.com/"" rel=""nofollow"">Typefully</a>","#ČernýPasažér","","",""
"1659072598775590914","10/15 🧮 V případě veřejného osvětlení by pravděpodobně bylo ekonomicky nevýhodné zabránit černým pasažérům využívat službu, protože náklady na kontrolu a vymáhání poplatků by mohly převýšit příjmy z poplatků. Nicméně to ničemu v zásadě nevadí.","cs","Reply","Ankapirátská Strana","ankapirati","58","1","0","0","1","0","2023-05-18 07:45:06","https://x.com/ankapirati/status/1659072598775590914","<a href=""https://typefully.com/"" rel=""nofollow"">Typefully</a>","","","",""
"1659072601317339136","11/15 🏦 Pokud by dané osvětlení chtělo platit pouze velmi omezené množství lidí, pravděpodobně by se musel zvýšit poplatek za osvětlení, případně by se služba přestala poskytovat úplně, což by černé pasažéry dostalo více pod tlak a museli by zvážit placení.","cs","Reply","Ankapirátská Strana","ankapirati","58","1","0","0","1","0","2023-05-18 07:45:06","https://x.com/ankapirati/status/1659072601317339136","<a href=""https://typefully.com/"" rel=""nofollow"">Typefully</a>","","","",""
"1658706416918740992","1/11 🚀 Ludwig von Mises a svobodný trh: Dnes se podíváme na to, proč Mises věřil, že svobodný trh je nejlepší způsob, jak koordinovat ekonomiku a jak odráží individuální preference lidí. Pojďme na to! 👇👇👇 #Mises #SvobodnýTrh","cs","Origin","Ankapirátská Strana","ankapirati","712","1","3","0","23","0","2023-05-17 07:30:01","https://x.com/ankapirati/status/1658706416918740992","<a href=""https://typefully.com/"" rel=""nofollow"">Typefully</a>","#Mises, #SvobodnýTrh","","",""
"1658706440973058048","10/11 🔄 Pokud se však poptávka po bio potravinách sníží, podnikatelé utrpí ztrátu. Toto je signál, že musí své podnikání přeorientovat a nabídnout jiné produkty, které si lidé chtějí koupit. #Adaptace","cs","Reply","Ankapirátská Strana","ankapirati","156","1","0","0","4","0","2023-05-17 07:30:07","https://x.com/ankapirati/status/1658706440973058048","<a href=""https://typefully.com/"" rel=""nofollow"">Typefully</a>","#Adaptace","","",""
"1658706443581915137","11/11 Závěr: Takto funguje dynamika svobodného trhu dle Misese. Je to neustálý proces učení a adaptace, který nejlépe slouží potřebám spotřebitelů. Ačkoliv tento proces není bez chyb, je mnohem efektivnější a spravedlivější než jakýkoli systém řízený z centra. Díky za pozornost!","cs","Reply","Ankapirátská Strana","ankapirati","169","1","0","0","7","0","2023-05-17 07:30:08","https://x.com/ankapirati/status/1658706443581915137","<a href=""https://typefully.com/"" rel=""nofollow"">Typefully</a>","","","",""
"1658706416918740992","1/11 🚀 Ludwig von Mises a svobodný trh: Dnes se podíváme na to, proč Mises věřil, že svobodný trh je nejlepší způsob, jak koordinovat ekonomiku a jak odráží individuální preference lidí. Pojďme na to! 👇👇👇 #Mises #SvobodnýTrh","cs","Origin","Ankapirátská Strana","ankapirati","712","1","3","0","23","0","2023-05-17 07:30:01","https://x.com/ankapirati/status/1658706416918740992","<a href=""https://typefully.com/"" rel=""nofollow"">Typefully</a>","#Mises, #SvobodnýTrh","","",""
"1658706419494027264","2/11 🤔 Mises argumentoval, že svobodný trh je důležitý pro efektivní alokaci zdrojů a nejlepší uspokojení potřeb a přání lidí. Na svobodném trhu se ceny formují na základě nabídky a poptávky, což umožňuje koordinaci mezi výrobci a spotřebiteli. #Ceny #NabídkaAPoptávka","cs","Reply","Ankapirátská Strana","ankapirati","111","1","0","0","5","0","2023-05-17 07:30:02","https://x.com/ankapirati/status/1658706419494027264","<a href=""https://typefully.com/"" rel=""nofollow"">Typefully</a>","#Ceny, #NabídkaAPoptávka","","",""
"1658347799354937345","1/8 🏙️ V dnešní společnosti si těžko představujeme fungování bez státní policie. Ale co kdybychom měli více soukromých bezpečnostních agentur, které by se specializovaly na konkrétní oblasti? V dnešním vláknu to pojďme trochu rozebrat. #BezpečnostníAgentury","cs","Origin","Ankapirátská Strana","ankapirati","455","2","1","0","6","0","2023-05-16 07:45:00","https://x.com/ankapirati/status/1658347799354937345","<a href=""https://typefully.com/"" rel=""nofollow"">Typefully</a>","#BezpečnostníAgentury","","",""
"1658347817277198337","8/8 🌈 Závěr: V decentralizované společnosti by mohlo fungování bezpečnosti vypadat jinak, ale nemusí to nutně znamenat méně bezpečí. Spíše naopak. Díky za pozornost a že jste dočetli až sem! #Decentralizace #Bezpečí","cs","Reply","Ankapirátská Strana","ankapirati","157","1","0","0","4","0","2023-05-16 07:45:04","https://x.com/ankapirati/status/1658347817277198337","<a href=""https://typefully.com/"" rel=""nofollow"">Typefully</a>","#Decentralizace, #Bezpečí","","",""
"1658359572208185344","@janekrubes","qam","Reply","Ankapirátská Strana","ankapirati","117","0","0","0","1","0","2023-05-16 08:31:47","https://x.com/ankapirati/status/1658359572208185344","<a href=""https://mobile.twitter.com"" rel=""nofollow"">Twitter Web App</a>","","","",""
"1657981636980637696","1/9 🌳 Největší mýty o anarchokapitalismu, díl 5.: Anarchokapitalismus zničí životní prostředí. Mnoho lidí se domnívá, že anarchokapitalismus by nutně vedl k destrukci životního prostředí. V tomto vlákně se podíváme, proč to tak zdaleka být nemusí. #ankapmyty","cs","Origin","Ankapirátská Strana","ankapirati","1387","1","6","0","15","1","2023-05-15 07:30:00","https://x.com/ankapirati/status/1657981636980637696","<a href=""https://typefully.com/"" rel=""nofollow"">Typefully</a>","#ankapmyty","","",""
"1657981660284215297","8/9 🏭 Znečišťování: Anarchokapitalismus podporuje principy odpovědnosti za znečištění, neboť znečištění by se dotklo i nějakého jiného soukromého pozemku. Znečišťovatelé by tedy museli nést náklady svých činností a motivovalo by je to k hledání ekologicky šetrných řešení.","cs","Reply","Ankapirátská Strana","ankapirati","207","1","0","0","9","0","2023-05-15 07:30:06","https://x.com/ankapirati/status/1657981660284215297","<a href=""https://typefully.com/"" rel=""nofollow"">Typefully</a>","","","",""
"1657981662846910465","9/9 🎯 Shrnutí: Mýtus o tom, že anarchokapitalismus by zničil životní prostředí, je založen na nepochopení principů soukromého vlastnictví a odpovědnosti. Ve skutečnosti by tržní řešení a soukromé vlastnictví zdrojů vedlo k lepší a udržitelnější ochraně životního prostředí.","cs","Reply","Ankapirátská Strana","ankapirati","206","0","0","0","9","0","2023-05-15 07:30:06","https://x.com/ankapirati/status/1657981662846910465","<a href=""https://typefully.com/"" rel=""nofollow"">Typefully</a>","","","",""
"1657981636980637696","1/9 🌳 Největší mýty o anarchokapitalismu, díl 5.: Anarchokapitalismus zničí životní prostředí. Mnoho lidí se domnívá, že anarchokapitalismus by nutně vedl k destrukci životního prostředí. V tomto vlákně se podíváme, proč to tak zdaleka být nemusí. #ankapmyty","cs","Origin","Ankapirátská Strana","ankapirati","1387","1","6","0","15","1","2023-05-15 07:30:00","https://x.com/ankapirati/status/1657981636980637696","<a href=""https://typefully.com/"" rel=""nofollow"">Typefully</a>","#ankapmyty","","",""
"1657981639501438977","2/9 🌍 Tragédie obecní pastviny: Tento koncept vysvětluje, že když je něco společným vlastnictvím, lidé mají tendenci zneužívat zdroje, protože nenesou následky svých činů. V soukromém vlastnictví se lidé starají o své zdroje a mají motivaci je udržovat. #tragédieobecnípastviny","cs","Reply","Ankapirátská Strana","ankapirati","163","1","0","0","10","0","2023-05-15 07:30:01","https://x.com/ankapirati/status/1657981639501438977","<a href=""https://typefully.com/"" rel=""nofollow"">Typefully</a>","#tragédieobecnípastviny","","",""
"1657657640569253888","🏛️💭 Nedělní chvilka zamyšlení: Je fascinující, jak mnoho lidí kritizuje volný trh za to, že nezvládá vyřešit problémy, které v první řadě vytvořil stát. 🤔 #StatniDotace #StatniRegulace","cs","Tweet","Ankapirátská Strana","ankapirati","575","0","2","0","23","0","2023-05-14 10:02:33","https://x.com/ankapirati/status/1657657640569253888","<a href=""http://twitter.com/download/android"" rel=""nofollow"">Twitter for Android</a>","#StatniDotace, #StatniRegulace","","",""
"1657262581168369666","🤑💸 Zkusme si představit svět, kde platíme daně dobrovolně a stát musí dělat reklamu, aby nás přesvědčil, že zrovna jeho služby stojí za to. 🏥📢 ""Kupujte naše státní zdravotní pojištění! 24/7 podpora, moderní technologie a 98% spokojených pacientů!""
#DobrovolnostFTW","cs","Tweet","Ankapirátská Strana","ankapirati","2160","3","2","0","52","0","2023-05-13 07:52:44","https://x.com/ankapirati/status/1657262581168369666","<a href=""http://twitter.com/download/android"" rel=""nofollow"">Twitter for Android</a>","#DobrovolnostFTW","","",""
"1657098841701732359","🎉 Dnes jsme překročili hranici 200 followerů! 🎉

Děkujeme každému z vás za podporu a za to, že jste se připojili k naší ankap plavbě. ⛵️

Tímto tempem brzy obsadíme parlament! Co byste pragmaticky chtěli, aby byl náš první krok?","cs","Tweet","Ankapirátská Strana","ankapirati","814","3","0","0","9","0","2023-05-12 21:02:05","https://x.com/ankapirati/status/1657098841701732359","<a href=""https://mobile.twitter.com"" rel=""nofollow"">Twitter Web App</a>","","","",""
"1656898247112421376","1/10 🚫 Ludwig von Mises, jeden z nejvýznamnějších ekonomů 20. století, je známý svou kritikou socialismu. Ale proč si myslel, že socialismus nemůže fungovat? Pojďme se na to v dnešním vláknu podívat. 👇👇👇 #Mises #Socialism","cs","Origin","Ankapirátská Strana","ankapirati","4022","1","14","4","52","5","2023-05-12 07:45:00","https://x.com/ankapirati/status/1656898247112421376","<a href=""https://typefully.com/"" rel=""nofollow"">Typefully</a>","#Mises, #Socialism","","",""
"1656898267656114178","9/10 🎯 Není náhodou, že odvětví, která se blíží socialismu, často trpí neduhy viz výše, o kterých psal Mises. Je to právě absence tržních cen, která ztěžuje efektivní alokaci zdrojů. #Mises #OběhovýProblém","cs","Reply","Ankapirátská Strana","ankapirati","318","1","0","0","18","0","2023-05-12 07:45:05","https://x.com/ankapirati/status/1656898267656114178","<a href=""https://typefully.com/"" rel=""nofollow"">Typefully</a>","#Mises, #OběhovýProblém","","",""
"1656898270227206144","10/10 🌍 Závěr: Z Misese můžeme čerpat i dnes. Jeho kritika socialismu je připomínkou toho, že svoboda, konkurence a tržní ceny jsou základními stavebními kameny prosperující společnosti. Děkujeme za pozornost a že jste dočetli až sem! #Mises #Prosperita #Svoboda #Konkurence","cs","Reply","Ankapirátská Strana","ankapirati","345","2","0","0","28","0","2023-05-12 07:45:05","https://x.com/ankapirati/status/1656898270227206144","<a href=""https://typefully.com/"" rel=""nofollow"">Typefully</a>","#Mises, #Prosperita, #Svoboda, #Konkurence","","",""
"1656532085618925569","1/16 💸Dekonstrukce státu, díl 7: ""Zrušme centrální banku a proveďme odluku peněz od státu"". V následujícím vláknu se podíváme na výhody odluky peněz od státu, s důrazem na Bitcoin a jak by to mohlo pozitivně ovlivnit společnost. #DekonstrukceStátu","cs","Origin","Ankapirátská Strana","ankapirati","244","2","0","0","6","0","2023-05-11 07:30:00","https://x.com/ankapirati/status/1656532085618925569","<a href=""https://typefully.com/"" rel=""nofollow"">Typefully</a>","#DekonstrukceStátu","","",""
"1656532124948905984","15/16 🌈Tento přístup by umožnil individuální volbu a přizpůsobení na základě osobních preferencí a situací, což by mohlo vést k větší finanční inkluzi a efektivitě. Odluka peněz od státu by tedy neznamenala ztrátu možnosti volby, ale naopak by poskytla širší spektrum možností.","cs","Reply","Ankapirátská Strana","ankapirati","103","1","0","0","0","0","2023-05-11 07:30:10","https://x.com/ankapirati/status/1656532124948905984","<a href=""https://typefully.com/"" rel=""nofollow"">Typefully</a>","","","",""
"1656532127532584964","16/16 🎯Závěr: Odluka peněz od státu, například prostřednictvím Bitcoinu, by mohla přinést společnosti mnoho výhod, jako je ochrana proti inflaci, decentralizace, konkurence mezi penězi a finanční svoboda. Díky za pozornost a že jste dočetli až sem!","cs","Reply","Ankapirátská Strana","ankapirati","102","0","0","0","1","0","2023-05-11 07:30:10","https://x.com/ankapirati/status/1656532127532584964","<a href=""https://typefully.com/"" rel=""nofollow"">Typefully</a>","","","",""
"1656532085618925569","1/16 💸Dekonstrukce státu, díl 7: ""Zrušme centrální banku a proveďme odluku peněz od státu"". V následujícím vláknu se podíváme na výhody odluky peněz od státu, s důrazem na Bitcoin a jak by to mohlo pozitivně ovlivnit společnost. #DekonstrukceStátu","cs","Origin","Ankapirátská Strana","ankapirati","244","2","0","0","6","0","2023-05-11 07:30:00","https://x.com/ankapirati/status/1656532085618925569","<a href=""https://typefully.com/"" rel=""nofollow"">Typefully</a>","#DekonstrukceStátu","","",""
"1656532111933972488","11/16 🌐BTC a decentralizace: ₿ je založen na decentr. systému, který eliminuje potřebu centrální autority. To znamená, že žádná jednotlivá instituce nemůže ovlivnit hodnotu BTC nebo zasahovat do jeho provozu -&gt; Zvýšení odolnosti peněžního systému vůči krizím a politickým změnám","cs","Reply","Ankapirátská Strana","ankapirati","15","1","0","0","0","0","2023-05-11 07:30:07","https://x.com/ankapirati/status/1656532111933972488","<a href=""https://typefully.com/"" rel=""nofollow"">Typefully</a>","","","",""
"1656532114505089024","12a/16 🔒Bitcoin a omezené množství: Jedním z unikátních rysů Bitcoinu je jeho omezené množství, které je pevně stanoveno na 21 milionů mincí. Tato vlastnost zajišťuje, že inflace je předem algoritmicky naplánována na desítky let dopředu.","cs","Reply","Ankapirátská Strana","ankapirati","16","1","0","0","0","0","2023-05-11 07:30:07","https://x.com/ankapirati/status/1656532114505089024","<a href=""https://typefully.com/"" rel=""nofollow"">Typefully</a>","","","",""
"1656397463056441344","🍇1/3 Aktuálně se diskutuje o zvýšení spotřební daně na tiché víno. Nesouhlasíme a jsme obecně pro její celkové zrušení na vše. Ankapiráti se domnívají, že by lidé měli být přirozeně motivováni žít zdravě, ale ne skrze daně. #Ankapiráti #SpotřebníDaň","cs","Origin","Ankapirátská Strana","ankapirati","291","1","0","0","3","0","2023-05-10 22:35:04","https://x.com/ankapirati/status/1656397463056441344","<a href=""https://mobile.twitter.com"" rel=""nofollow"">Twitter Web App</a>","#Ankapiráti, #SpotřebníDaň","","",""
"1656397465023574016","🏥2/3 Pro nás jsou daně nedobrovolné a tedy nemorální. Místo toho vidíme efektivnější řešení v soukromých zdravotních pojišťovnách, které by logicky měly zájem na zdravém životě svých klientů. #Dobrovolnost #ZdravotníPojišťovny","cs","Reply","Ankapirátská Strana","ankapirati","90","1","0","0","5","0","2023-05-10 22:35:04","https://x.com/ankapirati/status/1656397465023574016","<a href=""https://mobile.twitter.com"" rel=""nofollow"">Twitter Web App</a>","#Dobrovolnost, #ZdravotníPojišťovny","","",""
"1656397467292770304","🤦‍♂️3/3 Bohužel, aktuální řešení státu je navíc úplně špatně - některé druhy alkoholu mají nižší nebo žádnou spotřební daň, což je akorát výsledkem tlaku zájmových lobby skupin. Toto zvýhodňování jen zkresluje trh a není spravedlivé. #LobbySkupiny #Nespravedlnost","cs","Reply","Ankapirátská Strana","ankapirati","84","0","0","0","2","0","2023-05-10 22:35:05","https://x.com/ankapirati/status/1656397467292770304","<a href=""https://mobile.twitter.com"" rel=""nofollow"">Twitter Web App</a>","#LobbySkupiny, #Nespravedlnost","","",""
"1656169697354866688","1/10🍲🔥 Připravte si vařečky a ubrousky, přátelé! Představujeme vám nejnovější kulinářský hit: ""Anarchokapitalistický guláš snižování státního dluhu""! Tento recept vám nabídne vtipnou formou návod, jak snížit státní dluh podle #Ankapiráti. Pojďme na to 👇👇👇","cs","Origin","Ankapirátská Strana","ankapirati","1121","2","3","0","16","1","2023-05-10 07:30:00","https://x.com/ankapirati/status/1656169697354866688","<a href=""https://typefully.com/"" rel=""nofollow"">Typefully</a>","#Ankapiráti","","",""
"1656169718401888258","9/10🍽️ Podávejte tento lahodný pokrm se zdravou porcí osobní zodpovědnosti a užívejte si chuť svobody a pokroku. Dobrou chuť! 😋🍲","cs","Reply","Ankapirátská Strana","ankapirati","129","1","0","0","5","0","2023-05-10 07:30:05","https://x.com/ankapirati/status/1656169718401888258","<a href=""https://typefully.com/"" rel=""nofollow"">Typefully</a>","","","",""
"1656169720905863168","10/10🥳 Sdílejte tento originální recept se svými přáteli, rodinou a kolegy, ať si i oni mohou vychutnat ""Anarchokapitalistický guláš snižování státního dluhu""! Díky za pozornost, že jste dočetli až sem a přejeme vám spoustu radosti a svobody v kuchyni! 🎉👨‍🍳👩‍🍳","cs","Reply","Ankapirátská Strana","ankapirati","124","0","0","0","6","0","2023-05-10 07:30:06","https://x.com/ankapirati/status/1656169720905863168","<a href=""https://typefully.com/"" rel=""nofollow"">Typefully</a>","","","",""
"1656169697354866688","1/10🍲🔥 Připravte si vařečky a ubrousky, přátelé! Představujeme vám nejnovější kulinářský hit: ""Anarchokapitalistický guláš snižování státního dluhu""! Tento recept vám nabídne vtipnou formou návod, jak snížit státní dluh podle #Ankapiráti. Pojďme na to 👇👇👇","cs","Origin","Ankapirátská Strana","ankapirati","1121","2","3","0","16","1","2023-05-10 07:30:00","https://x.com/ankapirati/status/1656169697354866688","<a href=""https://typefully.com/"" rel=""nofollow"">Typefully</a>","#Ankapiráti","","",""
"1656169705173053441","4/10🌊 Přidejte volný trh a nechte ho krásně plynout, aby se přirozeně reguloval. Pokud se vám zdá, že je trh příliš omezený, přidejte další špetku osobní svobody.","cs","Reply","Ankapirátská Strana","ankapirati","93","1","0","0","4","0","2023-05-10 07:30:02","https://x.com/ankapirati/status/1656169705173053441","<a href=""https://typefully.com/"" rel=""nofollow"">Typefully</a>","","","",""
"1656169707718991873","5/10🔄 Jemně vmíchejte privatizaci státních podniků. Nezapomeňte je důkladně osolit a opepřit konkurencí, což zajistí lepší kvalitu a efektivitu služeb.","cs","Reply","Ankapirátská Strana","ankapirati","217","1","1","0","5","0","2023-05-10 07:30:03","https://x.com/ankapirati/status/1656169707718991873","<a href=""https://typefully.com/"" rel=""nofollow"">Typefully</a>","","","",""
"1655807309476671488","1/10 🧵 ""Co je vidět a co není vidět"" - Frederic Bastiat: V tomto vláknu se podíváme na slavný příklad rozbitého okna, který na jednoduchém příkladu objasňuje skryté dopady ekonomických rozhodnutí. Pojďme na to! 👇👇👇","cs","Origin","Ankapirátská Strana","ankapirati","5417","5","19","2","52","8","2023-05-09 07:30:00","https://x.com/ankapirati/status/1655807309476671488","<a href=""https://typefully.com/"" rel=""nofollow"">Typefully</a>","","","",""
"1655807331970711552","9/10 🎯 Poučka z tohoto příkladu: Měli bychom být opatrní při hodnocení ekonomických politik a rozhodnutí pouze na základě jejich viditelných dopadů. Neviděné efekty mohou mít stejně velký, nebo i větší vliv na ekonomiku. #HodnoceníPolitik #Poučka","cs","Reply","Ankapirátská Strana","ankapirati","336","1","0","0","9","0","2023-05-09 07:30:06","https://x.com/ankapirati/status/1655807331970711552","<a href=""https://typefully.com/"" rel=""nofollow"">Typefully</a>","#HodnoceníPolitik, #Poučka","","",""
"1655807334558601217","10/10 🌟 Závěr: Bastiatův efekt viděného a neviděného nás učí, že je důležité brát v úvahu nejen viditelné, ale i skryté důsledky ekonomických rozhodnutí. Chápání tohoto principu nám může pomoci lépe hodnotit politiky a rozhodnutí, která ovlivňují náš život. #Ankapiráti","cs","Reply","Ankapirátská Strana","ankapirati","335","0","0","0","12","0","2023-05-09 07:30:06","https://x.com/ankapirati/status/1655807334558601217","<a href=""https://typefully.com/"" rel=""nofollow"">Typefully</a>","#Ankapiráti","","",""
"1655656193799364619","#Ankapiráti si dovolují drobnou korekci: ""Chci štíhlý stát, který se nakonec přemění v žádný stát, nechává jednotlivce volně konat a prosperovat, umožňuje trhu zajistit potřebné služby, jako je ochrana a energie, a zbavuje nás zbytečné byrokracie a nafouklých vládních struktur.""","cs","Tweet","Ankapirátská Strana","ankapirati","2078","1","2","0","21","0","2023-05-08 21:29:31","https://x.com/ankapirati/status/1655656193799364619","<a href=""https://mobile.twitter.com"" rel=""nofollow"">Twitter Web App</a>","#Ankapiráti","","",""
"1655262894206926849","Chci štíhlý stát, který je silný, plní své funkce, je schopen chránit lidi, zajistit jim energie, ale zároveň není zbytečně byrokratický a rozbujelý. https://t.co/D4IdgIlYtA","cs","Quoted","Petr Fiala","P_Fiala","120728","463","22","38","427","1","2023-05-07 19:26:41","https://x.com/P_Fiala/status/1655262894206926849","<a href=""http://twitter.com/download/iphone"" rel=""nofollow"">Twitter for iPhone</a>","","","photo","https://pbs.twimg.com/media/Fvis07SXoAEXagr.jpg"
"1651877649629814784","🧵 1/7 ""Dekonstrukce státu, díl 2.: Zrušme Českou poštu"". Dnes nejde o náhodnou volbu - jedná se o aktuální téma. Probereme navíc, proč soukromé společnosti poskytují kvalitnější a efektivnější služby a proč by zrušení České pošty bylo prospěšné. Pojďme na to! 👇👇👇","cs","Origin","Ankapirátská Strana","ankapirati","870","2","2","0","13","0","2023-04-28 11:14:56","https://x.com/ankapirati/status/1651877649629814784","<a href=""https://mobile.twitter.com"" rel=""nofollow"">Twitter Web App</a>","","","",""
"1651877660686012417","🧵 7/7 Závěr: Zrušení české pošty by přineslo lepší služby, nižší ceny a úsporu veřejných prostředků. Soukromé společnosti prokázaly svou schopnost poskytovat kvalitnější a efektivnější služby. Díky za pozornost!","cs","Reply","Ankapirátská Strana","ankapirati","185","1","0","0","6","0","2023-04-28 11:14:59","https://x.com/ankapirati/status/1651877660686012417","<a href=""https://mobile.twitter.com"" rel=""nofollow"">Twitter Web App</a>","","","",""
"1655486309073338369","#DekonstrukceStátu","qht","Reply","Ankapirátská Strana","ankapirati","85","0","0","0","1","0","2023-05-08 10:14:28","https://x.com/ankapirati/status/1655486309073338369","<a href=""https://mobile.twitter.com"" rel=""nofollow"">Twitter Web App</a>","#DekonstrukceStátu","","",""
"1655444922022113280","1/7 🛍️ Dekonstrukce státu, díl 6: ""Zrušme zákaz otevření obchodů o státních svátcích"". Proč to nedává smysl? 🤔 V tomto vláknu se podíváme na argumenty proti takovým omezením a proč to nejvíce poškozuje ty nejchudší. 👇👇👇 #DekonstrukceStátu #VolnostObchodu","cs","Origin","Ankapirátská Strana","ankapirati","750","3","3","0","15","0","2023-05-08 07:30:00","https://x.com/ankapirati/status/1655444922022113280","<a href=""https://typefully.com/"" rel=""nofollow"">Typefully</a>","#DekonstrukceStátu, #VolnostObchodu","","",""
"1655444935456485376","6/7 🗣️ Místo zákazů bychom se měli zaměřit na podporu dobrovolných řešení a svobody volby. Pokud někdo nechce pracovat či nakupovat o státním svátku, měl by mít možnost se rozhodnout sám. #Dobrovolnost","cs","Reply","Ankapirátská Strana","ankapirati","122","1","0","0","6","0","2023-05-08 07:30:03","https://x.com/ankapirati/status/1655444935456485376","<a href=""https://typefully.com/"" rel=""nofollow"">Typefully</a>","#Dobrovolnost","","",""
"1655444938103062528","7/7 🎯 Závěr: Zrušení zákazu otevření obchodů o státních svátcích by podpořilo svobodu podnikání, ekonomický růst a poskytlo více příležitostí pro ty, kteří potřebují vydělat peníze. Svoboda volby a dobrovolnost jsou klíčové hodnoty, které by měly být respektovány.💡","cs","Reply","Ankapirátská Strana","ankapirati","106","0","0","0","5","0","2023-05-08 07:30:04","https://x.com/ankapirati/status/1655444938103062528","<a href=""https://typefully.com/"" rel=""nofollow"">Typefully</a>","","","",""
"1655444922022113280","1/7 🛍️ Dekonstrukce státu, díl 6: ""Zrušme zákaz otevření obchodů o státních svátcích"". Proč to nedává smysl? 🤔 V tomto vláknu se podíváme na argumenty proti takovým omezením a proč to nejvíce poškozuje ty nejchudší. 👇👇👇 #DekonstrukceStátu #VolnostObchodu","cs","Origin","Ankapirátská Strana","ankapirati","750","3","3","0","15","0","2023-05-08 07:30:00","https://x.com/ankapirati/status/1655444922022113280","<a href=""https://typefully.com/"" rel=""nofollow"">Typefully</a>","#DekonstrukceStátu, #VolnostObchodu","","",""
"1655444927344680960","3/7 💼 Lidé by měli mít možnost vydělat si peníze, kdykoliv to potřebují. Pro některé jednotlivce a rodiny může otevření obchodů o státních svátcích představovat významný zdroj příjmů. #PříležitostKPráci","cs","Reply","Ankapirátská Strana","ankapirati","87","1","0","0","7","0","2023-05-08 07:30:02","https://x.com/ankapirati/status/1655444927344680960","<a href=""https://typefully.com/"" rel=""nofollow"">Typefully</a>","#PříležitostKPráci","","",""
"1655444930050015233","4/7 🏘️ Zejména nejchudší, kteří mají často menší finanční rezervy, mohou být značně postiženi zákazem otevření obchodů o státních svátcích. Právě oni by měli mít možnost vydělat si v tyto dny peníze navíc formou příplatků. #PodporaNejchudších","cs","Reply","Ankapirátská Strana","ankapirati","244","1","0","1","7","0","2023-05-08 07:30:02","https://x.com/ankapirati/status/1655444930050015233","<a href=""https://typefully.com/"" rel=""nofollow"">Typefully</a>","#PodporaNejchudších","","",""
"1655118652159524864","📢 Ačkoliv jako Ankapiráti souhlasíme s tvrzením ""daně jsou krádež"", rádi bychom upřednostnili méně konfrontační přístup. 👐 Namísto toho zdůrazňujeme důležitost oboustranné dobrovolnosti, která by ""daně"" proměnila v morální a etickou součást společnosti. #DobrovolnostMístoDaní","cs","Origin","Ankapirátská Strana","ankapirati","867","5","0","0","13","0","2023-05-07 09:53:31","https://x.com/ankapirati/status/1655118652159524864","<a href=""https://mobile.twitter.com"" rel=""nofollow"">Twitter Web App</a>","#DobrovolnostMístoDaní","","",""
"1655119837876699138","Z toho samozřejmě vyplývá zrušení státních monopolů a umožnění konkurence na poskytování jednotlivých druhů služeb + možnost opt-outu. ""Daně jsou krádež"" je dle nás zbytečně triggerující spojení, které uzavírá smysluplnou debatu. ""Dobrovolnost místo daní"" by nám přišlo lepší.","cs","Reply","Ankapirátská Strana","ankapirati","118","0","0","0","4","0","2023-05-07 09:58:14","https://x.com/ankapirati/status/1655119837876699138","<a href=""https://mobile.twitter.com"" rel=""nofollow"">Twitter Web App</a>","","","",""
"1654748326355431425","1/12 🧵 Dekonstrukce státu, díl 5: ""Deregulujme zdravotnictví! Umožněme hrazení nadstandardů a příliv kapitálu do zdravotnictví."" V tomto vlákně se podíváme na to, jaké deregulace zdravotnictví přinese výhody, a to i pro ty nejchudší. #DekonstrukceStátu","cs","Origin","Ankapirátská Strana","ankapirati","686","1","3","0","14","0","2023-05-06 09:21:59","https://x.com/ankapirati/status/1654748326355431425","<a href=""https://mobile.twitter.com"" rel=""nofollow"">Twitter Web App</a>","#DekonstrukceStátu","","",""
"1654748345632448512","11/12 🕵️‍♂️ Ve státně regulovaném zdravotnictví je stejná kvalita péče pro všechny iluzí. Vysoce postavení politici a lidé s kontakty mají vždy přístup k lepším službám než běžný občan. Deregulace by pomohla odstranit tyto nerovnosti a poskytla by větší svobodu volby pro všechny.","cs","Reply","Ankapirátská Strana","ankapirati","108","1","0","0","3","0","2023-05-06 09:22:03","https://x.com/ankapirati/status/1654748345632448512","<a href=""https://mobile.twitter.com"" rel=""nofollow"">Twitter Web App</a>","","","",""
"1654748347427692544","12/12 🎯 Shrnutí: Deregulace zdravotnictví a umožnění hrazení nadstandardů přinese inovace, větší konkurenci, efektivnější a lepší kvalitu péče a více možností pro pacienty, včetně těch nejchudších. Díky za pozornost a že jste dočetli až sem!","cs","Reply","Ankapirátská Strana","ankapirati","129","1","0","0","3","0","2023-05-06 09:22:04","https://x.com/ankapirati/status/1654748347427692544","<a href=""https://mobile.twitter.com"" rel=""nofollow"">Twitter Web App</a>","","","",""
"1654380514126577665","1/10 🧵 V dnešním vláknu se ponoříme do hlubin ekonomických teorií a zaměříme se na ""Problém ekonomické kalkulace"", který poprvé formuloval Ludwig von Mises. Tento koncept je klíčový pro pochopení, proč centrální plánování selhává a jak funguje tržní ekonomika. #AnkapTeorie","cs","Origin","Ankapirátská Strana","ankapirati","694","1","4","1","7","3","2023-05-05 09:00:26","https://x.com/ankapirati/status/1654380514126577665","<a href=""https://mobile.twitter.com"" rel=""nofollow"">Twitter Web App</a>","#AnkapTeorie","","",""
"1654380532795424768","9/10 🚧 Překážky v centrálním plánování: Kromě základního problému ekonomické kalkulace se centrální plánování potýká i s dalšími překážkami. Patří sem například byrokracie, nesprávné podněty a korupce. Tyto faktory dále zhoršují efektivitu centrálně plánovaných ekonomik.","cs","Reply","Ankapirátská Strana","ankapirati","121","1","0","0","2","0","2023-05-05 09:00:30","https://x.com/ankapirati/status/1654380532795424768","<a href=""https://mobile.twitter.com"" rel=""nofollow"">Twitter Web App</a>","","","",""
"1654380534913441792","10/10 🏁 Závěr: Problém ekonomické kalkulace ukazuje, proč tržní ekonomika dokáže lépe alokovat zdroje a reagovat na individuální preference než centrální plánování. Centrálně plánované ekonomiky nejsou schopny efektivně řešit neustále se měnící potřeby a touhy jednotlivců.","cs","Reply","Ankapirátská Strana","ankapirati","115","0","0","0","2","0","2023-05-05 09:00:31","https://x.com/ankapirati/status/1654380534913441792","<a href=""https://mobile.twitter.com"" rel=""nofollow"">Twitter Web App</a>","","","",""
"1654380514126577665","1/10 🧵 V dnešním vláknu se ponoříme do hlubin ekonomických teorií a zaměříme se na ""Problém ekonomické kalkulace"", který poprvé formuloval Ludwig von Mises. Tento koncept je klíčový pro pochopení, proč centrální plánování selhává a jak funguje tržní ekonomika. #AnkapTeorie","cs","Origin","Ankapirátská Strana","ankapirati","694","1","4","1","7","3","2023-05-05 09:00:26","https://x.com/ankapirati/status/1654380514126577665","<a href=""https://mobile.twitter.com"" rel=""nofollow"">Twitter Web App</a>","#AnkapTeorie","","",""
"1654380527296606209","7/10 ⌛️ Dynamická povaha ekonomiky: Ekonomika je neustále v pohybu a mění se. Tržní ekonomika dokáže rychle reagovat na změny, zatímco centrální plánování trpí setrvačností a nepružností.","cs","Reply","Ankapirátská Strana","ankapirati","51","1","0","0","2","0","2023-05-05 09:00:29","https://x.com/ankapirati/status/1654380527296606209","<a href=""https://mobile.twitter.com"" rel=""nofollow"">Twitter Web App</a>","","","",""
"1654380530270363649","8/10 🌐Globalizace: V dnešní ekonomice je centrální plánování ještě méně efektivní, neboť musí zohlednit mnohem více proměnných. Mezinárodní obchod, technologický pokrok a rychle se měnící potřeby zákazníků ztěžují centrálním plánovačům sledovat a reagovat na všechny tyto faktory","cs","Reply","Ankapirátská Strana","ankapirati","65","1","0","0","2","0","2023-05-05 09:00:29","https://x.com/ankapirati/status/1654380530270363649","<a href=""https://mobile.twitter.com"" rel=""nofollow"">Twitter Web App</a>","","","",""
"1654048204567060481","https://t.co/zJSti5SHZq","zxx","Retweet","Daniel Steigerwald","steidacz","1089","3","6","0","34","0","2023-05-04 10:59:57","https://x.com/steidacz/status/1654048204567060481","<a href=""http://twitter.com/download/iphone"" rel=""nofollow"">Twitter for iPhone</a>","","","photo","https://pbs.twimg.com/media/FvRcEzlWIAAnflq.jpg"
"1654004835082022919","1/10 🧓📉 Dekonstrukce státu, díl 4.: ""Nahraďme průběžný důchodový systém dobrovolnými soukromými investičními fondy."" Současný státní důchodový systém je neudržitelný a neefektivní, a to z mnoha důvodů, které si v tomto vláknu rozebereme. #DekonstrukceStátu","cs","Origin","Ankapirátská Strana","ankapirati","496","2","2","0","16","0","2023-05-04 08:07:37","https://x.com/ankapirati/status/1654004835082022919","<a href=""https://mobile.twitter.com"" rel=""nofollow"">Twitter Web App</a>","#DekonstrukceStátu","","",""
"1654004860252037125","9/10 ⚠️ Současní důchodci: Je důležité řešit problém současných důchodců, kterým nelze zrušit důchody ze dne na den. Přechodná opatření by mohla zahrnovat například postupné snižování státních důchodů a zvyšování důchodového věku.","cs","Reply","Ankapirátská Strana","ankapirati","124","1","0","0","4","0","2023-05-04 08:07:43","https://x.com/ankapirati/status/1654004860252037125","<a href=""https://mobile.twitter.com"" rel=""nofollow"">Twitter Web App</a>","","","",""
"1654004863057928194","10/10 🎉 Závěr: V dnešním vláknu jsme si shrnuli, proč je důležité zrušit státní průběžný důchodový systém a nahradit jej dobrovolnými soukromými investičními formami spoření. Díky za pozornost a že jste dočetli až sem!","cs","Reply","Ankapirátská Strana","ankapirati","114","0","0","0","4","0","2023-05-04 08:07:43","https://x.com/ankapirati/status/1654004863057928194","<a href=""https://mobile.twitter.com"" rel=""nofollow"">Twitter Web App</a>","","","",""
"1653648159929761793","1/ 🧵Největší mýty o anarchokapitalismu, díl 4.: Ankap je stejná pohádka jako např. komunismus, jen z druhé strany spektra. Mnozí tvrdí, že anarchokapitalismus je jen utopie, ale opomíjí zásadní rozdíly mezi anarchokapitalismem a komunismem. Pojďme se na ně podívat! 👇 #ankapmyty","cs","Origin","Ankapirátská Strana","ankapirati","789","1","5","1","18","1","2023-05-03 08:30:19","https://x.com/ankapirati/status/1653648159929761793","<a href=""https://mobile.twitter.com"" rel=""nofollow"">Twitter Web App</a>","#ankapmyty","","",""
"1653648179361988611","6a/ Závěr: Je tedy zřejmé, že se jedná o zásadně odlišné ekonomické a politické systémy. Anarchokapitalismus je založen na uznávaných ekonomických teoriích, realistickém pohledu na lidskou povahu, podporuje inovace a efektivitu a je flexibilní.","cs","Reply","Ankapirátská Strana","ankapirati","163","1","0","0","7","0","2023-05-03 08:30:23","https://x.com/ankapirati/status/1653648179361988611","<a href=""https://mobile.twitter.com"" rel=""nofollow"">Twitter Web App</a>","","","",""
"1653648181589049345","6b/  Na druhou stranu, komunismus je založen na vyvrácených ekonomických teoriích, utopickém pohledu na altruistickou lidskou povahu a rigidním, centrálně plánovaném systému, který se ukázal jako neúčinný a neudržitelný v praxi. Děkujeme za pozornost a že jste dočetli až sem! 🙌","cs","Reply","Ankapirátská Strana","ankapirati","163","1","0","0","14","0","2023-05-03 08:30:24","https://x.com/ankapirati/status/1653648181589049345","<a href=""https://mobile.twitter.com"" rel=""nofollow"">Twitter Web App</a>","","","",""
"1653648159929761793","1/ 🧵Největší mýty o anarchokapitalismu, díl 4.: Ankap je stejná pohádka jako např. komunismus, jen z druhé strany spektra. Mnozí tvrdí, že anarchokapitalismus je jen utopie, ale opomíjí zásadní rozdíly mezi anarchokapitalismem a komunismem. Pojďme se na ně podívat! 👇 #ankapmyty","cs","Origin","Ankapirátská Strana","ankapirati","789","1","5","1","18","1","2023-05-03 08:30:19","https://x.com/ankapirati/status/1653648159929761793","<a href=""https://mobile.twitter.com"" rel=""nofollow"">Twitter Web App</a>","#ankapmyty","","",""
"1653648177256341504","5b/ Anarchokapitalismus nemá žádný stát založený na svých zásadách, ale jeho myšlenky ovlivnily ekonomické politiky některých zemí, které se zaměřují na deregulaci a svobodný trh (např. Hongkong)","cs","Reply","Ankapirátská Strana","ankapirati","97","1","0","0","7","0","2023-05-03 08:30:23","https://x.com/ankapirati/status/1653648177256341504","<a href=""https://mobile.twitter.com"" rel=""nofollow"">Twitter Web App</a>","","","",""
"1653648179361988611","6a/ Závěr: Je tedy zřejmé, že se jedná o zásadně odlišné ekonomické a politické systémy. Anarchokapitalismus je založen na uznávaných ekonomických teoriích, realistickém pohledu na lidskou povahu, podporuje inovace a efektivitu a je flexibilní.","cs","Reply","Ankapirátská Strana","ankapirati","163","1","0","0","7","0","2023-05-03 08:30:23","https://x.com/ankapirati/status/1653648179361988611","<a href=""https://mobile.twitter.com"" rel=""nofollow"">Twitter Web App</a>","","","",""
"1653337689075113987","🎉💯 Dodatečně děkujeme za 100 sledujících, Ankapiráti! 🏴‍☠️ Brzy nás možná bude víc než těch ""skutečných"" Pirátů, kteří se plaví na levicových vodách. 🌊 My ovšem míříme do země svobody, kde trh je oceánem nekonečných možností! ⛵🌅 #ankapirati #volnytrh","cs","Tweet","Ankapirátská Strana","ankapirati","1144","3","2","0","21","0","2023-05-02 11:56:37","https://x.com/ankapirati/status/1653337689075113987","<a href=""http://twitter.com/download/android"" rel=""nofollow"">Twitter for Android</a>","#ankapirati, #volnytrh","","",""
"1653300534730686465","1/ 🧵 Dekonstrukce státu, díl 3.: Zrušme veškeré dotace! 🚫 V dnešním vláknu se podíváme na to, proč státní dotace škodí a jak vytvářejí závislost jednotlivců na nich. Pojďme na to v konkrétním příkladech. 👇👇👇 #DekonstrukceStátu","cs","Origin","Ankapirátská Strana","ankapirati","792","2","1","1","16","0","2023-05-02 09:28:58","https://x.com/ankapirati/status/1653300534730686465","<a href=""https://mobile.twitter.com"" rel=""nofollow"">Twitter Web App</a>","#DekonstrukceStátu","","",""
"1653300552908914689","11/ Zamyšlení: 🤔 Potřebujeme opravdu stát k řešení problémů? 🏛️ - Příklady dotací ukazují, že stát často neřeší problémy efektivně a místo toho zavádí nežádoucí důsledky. Možná je čas se zamyslet nad tím, zda stát není spíše překážkou než pomocníkem v našem úsilí o prosperitu.","cs","Reply","Ankapirátská Strana","ankapirati","138","1","0","0","2","0","2023-05-02 09:29:03","https://x.com/ankapirati/status/1653300552908914689","<a href=""https://mobile.twitter.com"" rel=""nofollow"">Twitter Web App</a>","","","",""
"1653300554926370816","12/ Řešení: 💡 Odstranění dotací a volný trh 📈 - Zrušením dotací by se trh stal efektivnějším, konkurence by byla spravedlivější a jednotlivci by měli větší motivaci hledat trvale udržitelná řešení, aniž by byli ovlivněni uměle vytvořenými pobídkami. 🌏 #VolnýTrh","cs","Reply","Ankapirátská Strana","ankapirati","136","0","0","0","3","0","2023-05-02 09:29:03","https://x.com/ankapirati/status/1653300554926370816","<a href=""https://mobile.twitter.com"" rel=""nofollow"">Twitter Web App</a>","#VolnýTrh","","",""
"1653300534730686465","1/ 🧵 Dekonstrukce státu, díl 3.: Zrušme veškeré dotace! 🚫 V dnešním vláknu se podíváme na to, proč státní dotace škodí a jak vytvářejí závislost jednotlivců na nich. Pojďme na to v konkrétním příkladech. 👇👇👇 #DekonstrukceStátu","cs","Origin","Ankapirátská Strana","ankapirati","792","2","1","1","16","0","2023-05-02 09:28:58","https://x.com/ankapirati/status/1653300534730686465","<a href=""https://mobile.twitter.com"" rel=""nofollow"">Twitter Web App</a>","#DekonstrukceStátu","","",""
"1653300536567791621","2/ Příklad č. 1: 🌾 Dotace v zemědělství 🚜 - Dotace způsobují nerovnováhu trhu, když vybraní zemědělci dostávají podporu od státu. Tím získávají nespravedlivou konkurenční výhodu a ostatní zemědělci jsou nuceni se přizpůsobit nebo zkrachovat. 📉 #Nespravedlnost","cs","Reply","Ankapirátská Strana","ankapirati","69","1","0","0","1","0","2023-05-02 09:28:59","https://x.com/ankapirati/status/1653300536567791621","<a href=""https://mobile.twitter.com"" rel=""nofollow"">Twitter Web App</a>","#Nespravedlnost","","",""
"1653300538367266817","3/ Lokální zemědělství vs. zahraničí🌍 - Po zrušení dotací by se mohlo zdát, že lokální zemědělci budou v nevýhodě oproti zahraničním konkurentům, kteří stále dostávají státní podporu. Avšak tento argument předpokládá, že lokální zemědělci nemohou konkurovat bez dotací.","cs","Reply","Ankapirátská Strana","ankapirati","49","1","0","0","1","0","2023-05-02 09:28:59","https://x.com/ankapirati/status/1653300538367266817","<a href=""https://mobile.twitter.com"" rel=""nofollow"">Twitter Web App</a>","","","",""
"1652590726595637250","1/🧵🚀 Mýty o #anarchokapitalismu: ""Bez státu by byl nastolen diktát mocných a bohatých!"" Někteří lidé si myslí, že bez státu by korporace a boháči ovládali naprosto vše. Ale je tomu skutečně tak? Pojďme se na to podívat. #svoboda #volnýtrh","cs","Origin","Ankapirátská Strana","ankapirati","931","3","1","0","11","1","2023-04-30 10:28:27","https://x.com/ankapirati/status/1652590726595637250","<a href=""https://mobile.twitter.com"" rel=""nofollow"">Twitter Web App</a>","#anarchokapitalismu, #svoboda, #volnýtrh","","",""
"1652590734741057536","5/🔒 Bez státu by společnost nebyla založena na násilí a donucení, ale na dobrovolných dohodách. Lidé by měli možnost volby a firmy by byly nuceny sloužit zákazníkům, ne politikům. #dobrovolnost #svobodavýběru","cs","Reply","Ankapirátská Strana","ankapirati","174","1","0","0","3","0","2023-04-30 10:28:29","https://x.com/ankapirati/status/1652590734741057536","<a href=""https://mobile.twitter.com"" rel=""nofollow"">Twitter Web App</a>","#dobrovolnost, #svobodavýběru","","",""
"1652590736691412997","6/🌟 Závěr: Mýtus o diktátu mocných a bohatých v anarchokapitalismu je založen na nedorozumění. Ve skutečnosti by svobodný trh a konkurence chránily zájmy spotřebitelů a brzdily zneužívání moci. Děkuji za pozornost a že jste dočetli až sem!","cs","Reply","Ankapirátská Strana","ankapirati","153","0","0","0","3","0","2023-04-30 10:28:29","https://x.com/ankapirati/status/1652590736691412997","<a href=""https://mobile.twitter.com"" rel=""nofollow"">Twitter Web App</a>","","","",""
"1651877649629814784","🧵 1/7 ""Dekonstrukce státu, díl 2.: Zrušme Českou poštu"". Dnes nejde o náhodnou volbu - jedná se o aktuální téma. Probereme navíc, proč soukromé společnosti poskytují kvalitnější a efektivnější služby a proč by zrušení České pošty bylo prospěšné. Pojďme na to! 👇👇👇","cs","Origin","Ankapirátská Strana","ankapirati","870","2","2","0","13","0","2023-04-28 11:14:56","https://x.com/ankapirati/status/1651877649629814784","<a href=""https://mobile.twitter.com"" rel=""nofollow"">Twitter Web App</a>","","","",""
"1651877658941181952","🧵 6/7 Zrušení české pošty: Pokud by byla česká pošta zrušena, veškeré poštovní služby by mohly být zajištěny soukromými společnostmi. To by přineslo nižší ceny a lepší služby pro zákazníky, a zároveň by ušetřilo veřejné prostředky, které by mohly být využity efektivněji.","cs","Reply","Ankapirátská Strana","ankapirati","127","1","0","0","5","0","2023-04-28 11:14:58","https://x.com/ankapirati/status/1651877658941181952","<a href=""https://mobile.twitter.com"" rel=""nofollow"">Twitter Web App</a>","","","",""
"1651877660686012417","🧵 7/7 Závěr: Zrušení české pošty by přineslo lepší služby, nižší ceny a úsporu veřejných prostředků. Soukromé společnosti prokázaly svou schopnost poskytovat kvalitnější a efektivnější služby. Díky za pozornost!","cs","Reply","Ankapirátská Strana","ankapirati","185","1","0","0","6","0","2023-04-28 11:14:59","https://x.com/ankapirati/status/1651877660686012417","<a href=""https://mobile.twitter.com"" rel=""nofollow"">Twitter Web App</a>","","","",""
"1651478801769979906","🧵1/ Svoboda projevu a cenzura: Jak anarchokapitalismus podporuje svobodu projevu a jak to ovlivňuje společnost? 📢🚫 V tomto vláknu se podíváme na to, jak svobodný trh chrání svobodu projevu a proč je to důležité. #SvobodaProjevu #Cenzura","cs","Origin","Ankapirátská Strana","ankapirati","157","1","0","0","1","0","2023-04-27 08:50:03","https://x.com/ankapirati/status/1651478801769979906","<a href=""https://mobile.twitter.com"" rel=""nofollow"">Twitter Web App</a>","#SvobodaProjevu, #Cenzura","","",""
"1651478815300788224","🧵8/ Svoboda projevu však zároveň neznamená, že můžeme na jakékoliv platformě vyjadřovat libovolný názor. Na volném trhu budou vznikat různé soukromé platformy na dobrovolné bázi s vlastními pravidly, která si uživatelé zvolí.","cs","Reply","Ankapirátská Strana","ankapirati","91","1","0","0","1","0","2023-04-27 08:50:07","https://x.com/ankapirati/status/1651478815300788224","<a href=""https://mobile.twitter.com"" rel=""nofollow"">Twitter Web App</a>","","","",""
"1651478816995385344","🧵9/ Závěr: Ankap podporuje svobodu projevu tím, že odmítá cenzuru a klade důraz na individuální práva a soukromí. Otevřený dialog, rozmanitost soukr. platforem s vlastními pravidly a dobrovolné uplatňování hodnot vytvářejí prostředí pro bohatou výměnu názorů bez stigmatizace.","cs","Reply","Ankapirátská Strana","ankapirati","89","0","0","0","1","0","2023-04-27 08:50:07","https://x.com/ankapirati/status/1651478816995385344","<a href=""https://mobile.twitter.com"" rel=""nofollow"">Twitter Web App</a>","","","",""
"1651478801769979906","🧵1/ Svoboda projevu a cenzura: Jak anarchokapitalismus podporuje svobodu projevu a jak to ovlivňuje společnost? 📢🚫 V tomto vláknu se podíváme na to, jak svobodný trh chrání svobodu projevu a proč je to důležité. #SvobodaProjevu #Cenzura","cs","Origin","Ankapirátská Strana","ankapirati","157","1","0","0","1","0","2023-04-27 08:50:03","https://x.com/ankapirati/status/1651478801769979906","<a href=""https://mobile.twitter.com"" rel=""nofollow"">Twitter Web App</a>","#SvobodaProjevu, #Cenzura","","",""
"1651478807935606784","🧵4/ Jak se vypořádat s nebezpečnými a toxickými názory? V anarchokapitalistické společnosti je zodpovědnost na jedincích a komunitách, které se mohou dobrovolně sdružovat a uplatňovat své hodnoty. 🤝💡","cs","Reply","Ankapirátská Strana","ankapirati","21","1","0","0","0","0","2023-04-27 08:50:05","https://x.com/ankapirati/status/1651478807935606784","<a href=""https://mobile.twitter.com"" rel=""nofollow"">Twitter Web App</a>","","","",""
"1651478809898524672","🧵5/ Nebezpečné názory mohou být bojkotovány a odsuzovány společností, aniž by byly potlačovány cenzurou. Důležité je, aby lidé měli přístup k informacím a mohli se sami rozhodnout, co je pro ně pravdivé a relevantní. 📚🗞️","cs","Reply","Ankapirátská Strana","ankapirati","22","1","0","0","0","0","2023-04-27 08:50:05","https://x.com/ankapirati/status/1651478809898524672","<a href=""https://mobile.twitter.com"" rel=""nofollow"">Twitter Web App</a>","","","",""
"1651318322728775680","Naprosto souhlasíme! Zvyšování daní = více peněz pro stát na plýtvání. 🔥 Efektivita nezávisí na výši daní, ale na strukturách a odpovědnosti. 💡 Rakouská ekonomická škola nám to ukazuje - stát s menším rozpočtem je nucen být šetrnější a chytřejší! 🧠💸","cs","Tweet","Ankapirátská Strana","ankapirati","117","0","1","0","3","0","2023-04-26 22:12:22","https://x.com/ankapirati/status/1651318322728775680","<a href=""https://mobile.twitter.com"" rel=""nofollow"">Twitter Web App</a>","","","",""
"1651125165533569024","🧵1/ Dekonstrukce státu, díl 1.: Zrušme celní správu! 🚢🚚 V tomto vláknu se podíváme na argumenty pro zrušení celní správy, jak by to ovlivnilo ekonomiku a proč by to mohlo být ku prospěchu nás všech. #DekonstrukceStátu #SvobodnýObchod","cs","Origin","Ankapirátská Strana","ankapirati","561","1","3","0","15","1","2023-04-26 09:24:50","https://x.com/ankapirati/status/1651125165533569024","<a href=""https://mobile.twitter.com"" rel=""nofollow"">Twitter Web App</a>","#DekonstrukceStátu, #SvobodnýObchod","","",""
"1651125176883445762","🧵7/ Kritici návrhu na zrušení celní správy tvrdí, že by to mohlo vést ke ztrátě pracovních míst v průmyslu, který je chráněn cly. Nejen my však zastáváme názor, že tyto ztráty by byly kompenzovány vytvořením nových pracovních příležitostí v jiných odvětvích. 🏭👷","cs","Reply","Ankapirátská Strana","ankapirati","110","1","0","0","4","0","2023-04-26 09:24:53","https://x.com/ankapirati/status/1651125176883445762","<a href=""https://mobile.twitter.com"" rel=""nofollow"">Twitter Web App</a>","","","",""
"1651125178594742275","🧵8/ Závěr: Zrušení celní správy by mohlo přinést řadu ekonomických výhod, jako je snížení nákladů, zvýšení konkurenceschopnosti a podpora svobodného obchodu. Díky za pozornost a že jste dočetli až sem!","cs","Reply","Ankapirátská Strana","ankapirati","105","0","0","0","4","0","2023-04-26 09:24:53","https://x.com/ankapirati/status/1651125178594742275","<a href=""https://mobile.twitter.com"" rel=""nofollow"">Twitter Web App</a>","","","",""
"1650812108085272576","🧵1/ Vlákno: Dnes se podíváme na druhý díl z cyklu největších mýtů o ankapu. Mnoho lidí si myslí, že bez státního školství by vzdělávání zkolabovalo. Podívejme se, jak svobodný trh může nabídnout inovativní a efektivní řešení ve školství. 🚀","cs","Origin","Ankapirátská Strana","ankapirati","535","1","3","0","9","0","2023-04-25 12:40:51","https://x.com/ankapirati/status/1650812108085272576","<a href=""https://mobile.twitter.com"" rel=""nofollow"">Twitter Web App</a>","","","",""
"1650812120231968774","8/ Svobodný trh a dobrovolné vzděl. možnosti mohou ve školství přinést inovace, efektivitu a pestrost, což dále vede ke zvýšení kvality vzdělání pro všechny. Pojďme se zaměřit na podporu různorodých vzdělávacích přístupů a na hledání řešení pro ty, kteří potřebují pomoc nejvíce.","cs","Reply","Ankapirátská Strana","ankapirati","92","1","0","0","4","0","2023-04-25 12:40:54","https://x.com/ankapirati/status/1650812120231968774","<a href=""https://mobile.twitter.com"" rel=""nofollow"">Twitter Web App</a>","","","",""
"1650812122090160128","9/ Děkuji za pozornost! Pokud máte nějaké otázky nebo připomínky k tématu, neváhejte se podělit.💬👥 #školství #svobodnýtrh #vzdělání","cs","Reply","Ankapirátská Strana","ankapirati","91","0","0","0","4","0","2023-04-25 12:40:55","https://x.com/ankapirati/status/1650812122090160128","<a href=""https://mobile.twitter.com"" rel=""nofollow"">Twitter Web App</a>","#školství, #svobodnýtrh, #vzdělání","","",""
"1650812108085272576","🧵1/ Vlákno: Dnes se podíváme na druhý díl z cyklu největších mýtů o ankapu. Mnoho lidí si myslí, že bez státního školství by vzdělávání zkolabovalo. Podívejme se, jak svobodný trh může nabídnout inovativní a efektivní řešení ve školství. 🚀","cs","Origin","Ankapirátská Strana","ankapirati","535","1","3","0","9","0","2023-04-25 12:40:51","https://x.com/ankapirati/status/1650812108085272576","<a href=""https://mobile.twitter.com"" rel=""nofollow"">Twitter Web App</a>","","","",""
"1650812110094454787","2/ Nízké náklady: Soukromé školy a online vzdělávací platformy mohou nabídnout kvalitní vzdělání za nižší cenu než státní školy, díky efektivnímu využití zdrojů a konkurenci. 💰📉","cs","Reply","Ankapirátská Strana","ankapirati","46","1","0","0","4","0","2023-04-25 12:40:52","https://x.com/ankapirati/status/1650812110094454787","<a href=""https://mobile.twitter.com"" rel=""nofollow"">Twitter Web App</a>","","","",""
"1650812111755395073","3/ Individuální přístup: Svobodný trh podporuje rozmanitost vzdělávacích možností a umožňuje rodičům i dětem volit školy, které nejlépe vyhovují jejich potřebám a zájmům. 🌱📚","cs","Reply","Ankapirátská Strana","ankapirati","43","1","0","0","4","0","2023-04-25 12:40:52","https://x.com/ankapirati/status/1650812111755395073","<a href=""https://mobile.twitter.com"" rel=""nofollow"">Twitter Web App</a>","","","",""
"1650389260426530817","1/8 🌟 Dnešní vlákno je o tom, že žádný politický systém není apriori špatný! 🌟 Každý systém může mít své výhody, pokud je použit ve vhodném prostředí. Např. socialismus či komunismus může reálně fungovat, pokud jsou aplikovány v menším měřítku, kde jsou lidé pevně propojeni.","cs","Origin","Ankapirátská Strana","ankapirati","294","1","0","1","3","0","2023-04-24 08:40:37","https://x.com/ankapirati/status/1650389260426530817","<a href=""https://mobile.twitter.com"" rel=""nofollow"">Twitter Web App</a>","","","",""
"1650389272283824128","7/8 📈 V případě největších společenství se zdá, že centrální plánování selhává a potřebujeme jiný přístup. Jedním z možných řešení by mohla být společnost založená na dobrovolných výměnách a svobodném trhu, což by umožnilo lepší alokaci zdrojů a efektivnější fungování.","cs","Reply","Ankapirátská Strana","ankapirati","90","1","0","0","2","0","2023-04-24 08:40:39","https://x.com/ankapirati/status/1650389272283824128","<a href=""https://mobile.twitter.com"" rel=""nofollow"">Twitter Web App</a>","","","",""
"1650389273881739265","8/8 Na závěr: žádný politický systém není apriori špatný, pokud je použit ve vhodném prostředí. V rodinách či uvnitř malých komunit je vhodnější použít jiný politický systém, než ve společenstvích většího měřítka. Děkuji za pozornost a že jste přečetli až sem!","cs","Reply","Ankapirátská Strana","ankapirati","91","1","0","0","2","0","2023-04-24 08:40:40","https://x.com/ankapirati/status/1650389273881739265","<a href=""https://mobile.twitter.com"" rel=""nofollow"">Twitter Web App</a>","","","",""
"1649765220930207746","🧶Dnes se podíváme na první díl seriálu největších mýtů o anarchokapitalismu a ukážeme si, proč nejsou pravdivé. Mýtus č. 1 - Chaos a bezvládí. Pojďme na to! 👇","cs","Origin","Ankapirátská Strana","ankapirati","161","1","0","0","3","1","2023-04-22 15:20:54","https://x.com/ankapirati/status/1649765220930207746","<a href=""http://twitter.com/download/android"" rel=""nofollow"">Twitter for Android</a>","","","",""
"1649765240425402369","5/🌐 Reálný příklad: Středověký Island byl téměř bez státní moci. Během této doby existovaly soukromé soudy a bezpečnostní služby, které zajišťovaly ochranu práv a majetku obyvatel. Společnost byla stabilní a prosperující.","cs","Reply","Ankapirátská Strana","ankapirati","80","1","0","0","2","0","2023-04-22 15:20:59","https://x.com/ankapirati/status/1649765240425402369","<a href=""http://twitter.com/download/android"" rel=""nofollow"">Twitter for Android</a>","","","",""
"1649765244388950018","To je vše, díky za pozornost. 
🔜 Díl 2 naší série ""Největší mýty o anarchokapitalismu"" přijde brzy! Sledujte nás, abyste nepřišli o další zajímavé informace.","cs","Reply","Ankapirátská Strana","ankapirati","88","0","0","0","2","0","2023-04-22 15:21:00","https://x.com/ankapirati/status/1649765244388950018","<a href=""http://twitter.com/download/android"" rel=""nofollow"">Twitter for Android</a>","","","",""
"1649306906610085890","1/ 🌿 Legalizace všech drog: Proč by měly být drogy dekriminalizovány a jak by to ovlivnilo společnost a zločinnost. V tomto vláknu se podíváme na důvody, proč by legalizace drog mohla mít pozitivní dopad na společnost, a jak by to mohlo snížit zločinnost. #legalizace #drogy","cs","Origin","Ankapirátská Strana","ankapirati","122","1","0","0","2","0","2023-04-21 08:59:43","https://x.com/ankapirati/status/1649306906610085890","<a href=""https://mobile.twitter.com"" rel=""nofollow"">Twitter Web App</a>","#legalizace, #drogy","","",""
"1649307220285218819","9/ 🔎 Vědecký přístup: Legalizace by umožnila vědecký výzkum drog a jejich účinků na lidské tělo. To by nám pomohlo lépe pochopit rizika a přínosy spojené s užíváním drog a vyvinout bezpečnější a účinnější léčby závislosti. #věda #výzkum","cs","Reply","Ankapirátská Strana","ankapirati","57","1","0","0","1","0","2023-04-21 09:00:58","https://x.com/ankapirati/status/1649307220285218819","<a href=""https://mobile.twitter.com"" rel=""nofollow"">Twitter Web App</a>","#věda, #výzkum","","",""
"1649307252535226368","10/ 🤔 Závěr: Legalizace drog má potenciál přinést řadu pozitivních dopadů na společnost a zločinnost. Zmírnění negativních dopadů zákazů, jako tomu bylo v případě prohibice alkoholu, by mohlo přispět ke zlepšení veřejného zdraví a snížení drogové kriminality.","cs","Reply","Ankapirátská Strana","ankapirati","53","0","0","0","1","0","2023-04-21 09:01:06","https://x.com/ankapirati/status/1649307252535226368","<a href=""https://mobile.twitter.com"" rel=""nofollow"">Twitter Web App</a>","","","",""
